evaluation_set,statistic,chunker,noise_level,metric,estimate,ci_95_low,ci_95_high,bootstrap_iterations,seed
primary,mean,fixed,clean,hit_at_1,0.5364238619804382,0.5262505650520325,0.5470671653747559,5000,20260913
primary,mean,fixed,clean,hit_at_5,0.7593424916267395,0.75,0.7684484124183655,5000,20260913
primary,mean,fixed,clean,mrr_at_100,0.6378342509269714,0.6292624235153198,0.6465553626418113,5000,20260913
primary,mean,fixed,mild,hit_at_1,0.5224692821502686,0.5118229627609253,0.5332308411598206,5000,20260913
primary,mean,fixed,mild,hit_at_5,0.7514191269874573,0.7419583797454834,0.7606433033943176,5000,20260913
primary,mean,fixed,mild,mrr_at_100,0.6250872611999512,0.616362664103508,0.6340382665395736,5000,20260913
primary,mean,fixed,moderate,hit_at_1,0.5082781314849854,0.49798959493637085,0.5191580057144165,5000,20260913
primary,mean,fixed,moderate,hit_at_5,0.738528847694397,0.7289498448371887,0.7477560400962829,5000,20260913
primary,mean,fixed,moderate,mrr_at_100,0.6123812794685364,0.603814622759819,0.6213453605771064,5000,20260913
primary,mean,fixed,severe,hit_at_1,0.4906575083732605,0.48001420497894287,0.5015373826026917,5000,20260913
primary,mean,fixed,severe,hit_at_5,0.7193708419799805,0.7097888827323914,0.7289498448371887,5000,20260913
primary,mean,fixed,severe,mrr_at_100,0.5946664214134216,0.5857955053448677,0.6039133459329605,5000,20260913
primary,mean,recursive,clean,hit_at_1,0.535950779914856,0.5253045201301575,0.5467123985290527,5000,20260913
primary,mean,recursive,clean,hit_at_5,0.7658467292785645,0.7567407488822937,0.7749527096748352,5000,20260913
primary,mean,recursive,clean,mrr_at_100,0.639164388179779,0.6302091017365455,0.6479260563850403,5000,20260913
primary,mean,recursive,mild,hit_at_1,0.5082781314849854,0.4973982870578766,0.5190397500991821,5000,20260913
primary,mean,recursive,mild,hit_at_5,0.7436140179634094,0.7339167594909668,0.7529565095901489,5000,20260913
primary,mean,recursive,mild,mrr_at_100,0.6142846941947937,0.6052450776100159,0.623172427713871,5000,20260913
primary,mean,recursive,moderate,hit_at_1,0.4911305606365204,0.4807237386703491,0.5017738938331604,5000,20260913
primary,mean,recursive,moderate,hit_at_5,0.7243377566337585,0.7147587537765503,0.733680248260498,5000,20260913
primary,mean,recursive,moderate,mrr_at_100,0.5973183512687683,0.5883667200803757,0.6060679227113723,5000,20260913
primary,mean,recursive,severe,hit_at_1,0.4755203425884247,0.4651135206222534,0.4862819314002991,5000,20260913
primary,mean,recursive,severe,hit_at_5,0.7093188166618347,0.6993850469589233,0.7190160751342773,5000,20260913
primary,mean,recursive,severe,mrr_at_100,0.5803926587104797,0.5714369773864746,0.5896076247096061,5000,20260913
primary,mean,semantic,clean,hit_at_1,0.5260170102119446,0.5156102180480957,0.5368968844413757,5000,20260913
primary,mean,semantic,clean,hit_at_5,0.7594607472419739,0.7498817443847656,0.7686879396438598,5000,20260913
primary,mean,semantic,clean,mrr_at_100,0.6313573718070984,0.6225012063980102,0.6402681663632392,5000,20260913
primary,mean,semantic,mild,hit_at_1,0.528500497341156,0.5180936455726624,0.5391438007354736,5000,20260913
primary,mean,semantic,mild,hit_at_5,0.7601702809333801,0.7513008713722229,0.7693945169448853,5000,20260913
primary,mean,semantic,mild,mrr_at_100,0.6304404735565186,0.621741184592247,0.6394528090953827,5000,20260913
primary,mean,semantic,moderate,hit_at_1,0.4985809028148651,0.4878193140029907,0.5093424916267395,5000,20260913
primary,mean,semantic,moderate,hit_at_5,0.7391201257705688,0.7296594381332397,0.7484626173973083,5000,20260913
primary,mean,semantic,moderate,mrr_at_100,0.6060619950294495,0.5972831055521965,0.6148771226406098,5000,20260913
primary,mean,semantic,severe,hit_at_1,0.4771759808063507,0.46665090322494507,0.4878193140029907,5000,20260913
primary,mean,semantic,severe,hit_at_5,0.7112109661102295,0.7016319632530212,0.7206717133522034,5000,20260913
primary,mean,semantic,severe,mrr_at_100,0.5844874382019043,0.5757179111242294,0.5935697183012962,5000,20260913
primary,mean,structure,clean,hit_at_1,0.5322847962379456,0.5216414332389832,0.5428098440170288,5000,20260913
primary,mean,structure,clean,hit_at_5,0.765373706817627,0.7560312151908875,0.7745979428291321,5000,20260913
primary,mean,structure,clean,mrr_at_100,0.6354268193244934,0.6267486423254013,0.6442223593592644,5000,20260913
primary,mean,structure,mild,hit_at_1,0.5011826157569885,0.49042099714279175,0.5117106199264526,5000,20260913
primary,mean,structure,mild,hit_at_5,0.7390018701553345,0.7296564817428589,0.7484626173973083,5000,20260913
primary,mean,structure,mild,mrr_at_100,0.6089832782745361,0.6001153603196144,0.6177850142121315,5000,20260913
primary,mean,structure,moderate,hit_at_1,0.48379847407341003,0.47291862964630127,0.4943235516548157,5000,20260913
primary,mean,structure,moderate,hit_at_5,0.7236281633377075,0.7144039869308472,0.7328523993492126,5000,20260913
primary,mean,structure,moderate,mrr_at_100,0.5923182368278503,0.5832101538777351,0.6011553585529328,5000,20260913
primary,mean,structure,severe,hit_at_1,0.4709082245826721,0.4603831470012665,0.4813150465488434,5000,20260913
primary,mean,structure,severe,hit_at_5,0.7077814340591431,0.6978476643562317,0.7177152037620544,5000,20260913
primary,mean,structure,severe,mrr_at_100,0.5776203870773315,0.5685572445392608,0.5861822381615639,5000,20260913
primary,absolute_degradation,fixed,mild,hit_at_1,0.013954579830169678,0.005203424394130707,0.023178815841674805,5000,20260913
primary,absolute_degradation,fixed,mild,hit_at_5,0.007923364639282227,0.0010643601417541504,0.015137195587158203,5000,20260913
primary,absolute_degradation,fixed,mild,mrr_at_100,0.012746989727020264,0.0066423699259758,0.0190099373459816,5000,20260913
primary,absolute_degradation,fixed,moderate,hit_at_1,0.02814573049545288,0.018211959302425383,0.03772768825292583,5000,20260913
primary,absolute_degradation,fixed,moderate,hit_at_5,0.02081364393234253,0.012653768062591553,0.028855204582214355,5000,20260913
primary,absolute_degradation,fixed,moderate,mrr_at_100,0.02545297145843506,0.018443907797336578,0.032225868105888365,5000,20260913
primary,absolute_degradation,fixed,severe,hit_at_1,0.045766353607177734,0.03618732020258904,0.055936604738235474,5000,20260913
primary,absolute_degradation,fixed,severe,hit_at_5,0.03997164964675903,0.03181171417236328,0.0482527375221252,5000,20260913
primary,absolute_degradation,fixed,severe,mrr_at_100,0.043167829513549805,0.036127631366252896,0.050295025110244744,5000,20260913
primary,absolute_degradation,recursive,mild,hit_at_1,0.027672648429870605,0.018208946287631988,0.03713339567184448,5000,20260913
primary,absolute_degradation,recursive,mild,hit_at_5,0.02223271131515503,0.014897669851779939,0.029449556767940477,5000,20260913
primary,absolute_degradation,recursive,mild,mrr_at_100,0.02487969398498535,0.018043826520442962,0.03148036450147628,5000,20260913
primary,absolute_degradation,recursive,moderate,hit_at_1,0.04482021927833557,0.034649938344955444,0.054754048585891724,5000,20260913
primary,absolute_degradation,recursive,moderate,hit_at_5,0.04150897264480591,0.03346735239028931,0.04990541934967041,5000,20260913
primary,absolute_degradation,recursive,moderate,mrr_at_100,0.04184603691101074,0.03449054509401321,0.048969824612140646,5000,20260913
primary,absolute_degradation,recursive,severe,hit_at_1,0.060430437326431274,0.05037841200828552,0.07060074806213379,5000,20260913
primary,absolute_degradation,recursive,severe,hit_at_5,0.056527912616729736,0.04789501279592514,0.06504255533218384,5000,20260913
primary,absolute_degradation,recursive,severe,mrr_at_100,0.058771729469299316,0.05137736052274704,0.06632584035396576,5000,20260913
primary,absolute_degradation,semantic,mild,hit_at_1,-0.0024834871292114258,-0.011589407920837402,0.006507252156734424,5000,20260913
primary,absolute_degradation,semantic,mild,hit_at_5,-0.00070953369140625,-0.0074503421783447266,0.006031215190887451,5000,20260913
primary,absolute_degradation,semantic,mild,mrr_at_100,0.000916898250579834,-0.005257943272590637,0.0071177542209625196,5000,20260913
primary,absolute_degradation,semantic,moderate,hit_at_1,0.027436107397079468,0.017857134342193604,0.03736990764737129,5000,20260913
primary,absolute_degradation,semantic,moderate,hit_at_5,0.02034062147140503,0.012771964073181152,0.02826392650604248,5000,20260913
primary,absolute_degradation,semantic,moderate,mrr_at_100,0.025295376777648926,0.018535256385803223,0.0324365422129631,5000,20260913
primary,absolute_degradation,semantic,severe,hit_at_1,0.04884102940559387,0.03938031196594238,0.05865657329559326,5000,20260913
primary,absolute_degradation,semantic,severe,hit_at_5,0.048249781131744385,0.04032641649246216,0.05640965700149536,5000,20260913
primary,absolute_degradation,semantic,severe,mrr_at_100,0.04686993360519409,0.039955006539821626,0.05392210930585861,5000,20260913
primary,absolute_degradation,structure,mild,hit_at_1,0.03110218048095703,0.02152022123336792,0.04091769456863403,5000,20260913
primary,absolute_degradation,structure,mild,hit_at_5,0.02637183666229248,0.01844841241836548,0.03417688608169556,5000,20260913
primary,absolute_degradation,structure,mild,mrr_at_100,0.026443541049957275,0.01943836808204651,0.03326301425695419,5000,20260913
primary,absolute_degradation,structure,moderate,hit_at_1,0.04848632216453552,0.037961214780807495,0.058656543493270874,5000,20260913
primary,absolute_degradation,structure,moderate,hit_at_5,0.041745543479919434,0.03334909677505493,0.04990541934967041,5000,20260913
primary,absolute_degradation,structure,moderate,mrr_at_100,0.043108582496643066,0.03567223697900772,0.050282621383666994,5000,20260913
primary,absolute_degradation,structure,severe,hit_at_1,0.06137657165527344,0.0508514940738678,0.07166507840156555,5000,20260913
primary,absolute_degradation,structure,severe,hit_at_5,0.05759227275848389,0.0488381028175354,0.06610691547393799,5000,20260913
primary,absolute_degradation,structure,severe,mrr_at_100,0.057806432247161865,0.04999107867479324,0.06552579551935196,5000,20260913
primary,degradation_difference_vs_fixed,recursive,mild,hit_at_1,0.013718069531023502,0.0010643601417541504,0.026135266572237015,5000,20260913
primary,degradation_difference_vs_fixed,recursive,mild,hit_at_5,0.014309365302324295,0.004609133303165437,0.02412787377834316,5000,20260913
primary,degradation_difference_vs_fixed,recursive,mild,mrr_at_100,0.012132604606449604,0.0034272417426109317,0.020775625109672527,5000,20260913
primary,degradation_difference_vs_fixed,recursive,moderate,hit_at_1,0.016674550250172615,0.0034295320510864258,0.02991953566670418,5000,20260913
primary,degradation_difference_vs_fixed,recursive,moderate,hit_at_5,0.020695364102721214,0.010170280933380127,0.03145996183156963,5000,20260913
primary,degradation_difference_vs_fixed,recursive,moderate,mrr_at_100,0.016393087804317474,0.007294118404388428,0.02588616013526916,5000,20260913
primary,degradation_difference_vs_fixed,recursive,severe,hit_at_1,0.014664143323898315,0.0017739228904247284,0.02767563313245769,5000,20260913
primary,degradation_difference_vs_fixed,recursive,severe,hit_at_5,0.01655629277229309,0.006146515905857087,0.02719956636428833,5000,20260913
primary,degradation_difference_vs_fixed,recursive,severe,mrr_at_100,0.015603836625814438,0.006328113377094269,0.02492920756340026,5000,20260913
primary,degradation_difference_vs_fixed,semantic,mild,hit_at_1,-0.016438031569123268,-0.02861875295639038,-0.004257319867610932,5000,20260913
primary,degradation_difference_vs_fixed,semantic,mild,hit_at_5,-0.008632923476397991,-0.01785719394683838,0.000591278076171875,5000,20260913
primary,degradation_difference_vs_fixed,semantic,mild,mrr_at_100,-0.011830205097794533,-0.020322459936141967,-0.003695394098758698,5000,20260913
primary,degradation_difference_vs_fixed,semantic,moderate,hit_at_1,-0.0007095541805028915,-0.01348152831196785,0.012535452842712402,5000,20260913
primary,degradation_difference_vs_fixed,semantic,moderate,hit_at_5,-0.00047303736209869385,-0.010643304884433746,0.009815514087677002,5000,20260913
primary,degradation_difference_vs_fixed,semantic,moderate,mrr_at_100,-0.00015757977962493896,-0.00900595188140869,0.008847036957740757,5000,20260913
primary,degradation_difference_vs_fixed,semantic,severe,hit_at_1,0.0030747391283512115,-0.009697258472442627,0.015846670418977738,5000,20260913
primary,degradation_difference_vs_fixed,semantic,severe,hit_at_5,0.008278146386146545,-0.00201040655374527,0.01845142692327495,5000,20260913
primary,degradation_difference_vs_fixed,semantic,severe,mrr_at_100,0.003702037036418915,-0.0050527647137641905,0.012547743320465083,5000,20260913
primary,degradation_difference_vs_fixed,structure,mild,hit_at_1,0.017147589474916458,0.004020868986845017,0.030156106501817704,5000,20260913
primary,degradation_difference_vs_fixed,structure,mild,hit_at_5,0.018448438495397568,0.007923364639282227,0.028737008571624756,5000,20260913
primary,degradation_difference_vs_fixed,structure,mild,mrr_at_100,0.013696515001356602,0.004584839940071106,0.022565728425979613,5000,20260913
primary,degradation_difference_vs_fixed,structure,moderate,hit_at_1,0.020340586081147194,0.006504296511411667,0.033703864365816114,5000,20260913
primary,degradation_difference_vs_fixed,structure,moderate,hit_at_5,0.02093188278377056,0.009933769702911377,0.03216648250818253,5000,20260913
primary,degradation_difference_vs_fixed,structure,moderate,mrr_at_100,0.01765557751059532,0.007973916828632355,0.02682668417692184,5000,20260913
primary,degradation_difference_vs_fixed,structure,severe,hit_at_1,0.015610218048095703,0.0014190971851348877,0.028385197371244387,5000,20260913
primary,degradation_difference_vs_fixed,structure,severe,hit_at_5,0.017620626837015152,0.006504237651824951,0.028500497341156006,5000,20260913
primary,degradation_difference_vs_fixed,structure,severe,mrr_at_100,0.01463853195309639,0.004679197072982788,0.02386807501316068,5000,20260913
context_verified,mean,fixed,clean,hit_at_1,0.5133598446846008,0.5004737377166748,0.5266249775886536,5000,20260913
context_verified,mean,fixed,clean,hit_at_5,0.7388668060302734,0.7274966835975647,0.7506158947944641,5000,20260913
context_verified,mean,fixed,clean,mrr_at_100,0.6166912317276001,0.6061402007937431,0.6277153670787812,5000,20260913
context_verified,mean,fixed,mild,hit_at_1,0.49971574544906616,0.48626112937927246,0.5129856154322624,5000,20260913
context_verified,mean,fixed,mild,hit_at_5,0.732423722743988,0.7204851508140564,0.7445518374443054,5000,20260913
context_verified,mean,fixed,mild,mrr_at_100,0.6045272946357727,0.593310059607029,0.6158762857317924,5000,20260913
context_verified,mean,fixed,moderate,hit_at_1,0.48493462800979614,0.47148001194000244,0.4985787272453308,5000,20260913
context_verified,mean,fixed,moderate,hit_at_5,0.7208641171455383,0.7091150283813477,0.7331817150115967,5000,20260913
context_verified,mean,fixed,moderate,mrr_at_100,0.5914534330368042,0.580089022219181,0.6029788658022881,5000,20260913
context_verified,mean,fixed,severe,hit_at_1,0.4656054675579071,0.45196133852005005,0.4792495667934418,5000,20260913
context_verified,mean,fixed,severe,hit_at_5,0.701155960559845,0.6888383626937866,0.7134735584259033,5000,20260913
context_verified,mean,fixed,severe,mrr_at_100,0.5738613605499268,0.5625922784209252,0.5853110820055007,5000,20260913
context_verified,mean,recursive,clean,hit_at_1,0.5152548551559448,0.5019897818565369,0.5288990139961243,5000,20260913
context_verified,mean,recursive,clean,hit_at_5,0.7462573647499084,0.734318733215332,0.7580064535140991,5000,20260913
context_verified,mean,recursive,clean,mrr_at_100,0.6201189160346985,0.6090327292680741,0.631688603758812,5000,20260913
context_verified,mean,recursive,mild,hit_at_1,0.4917566776275635,0.4783020615577698,0.5052112936973572,5000,20260913
context_verified,mean,recursive,mild,hit_at_5,0.7301496863365173,0.7182111144065857,0.7420930549502373,5000,20260913
context_verified,mean,recursive,mild,mrr_at_100,0.5995109677314758,0.5884191706776619,0.6106751576066017,5000,20260913
context_verified,mean,recursive,moderate,hit_at_1,0.47849157452583313,0.46503695845603943,0.4921404115855693,5000,20260913
context_verified,mean,recursive,moderate,hit_at_5,0.7127155661582947,0.7005874514579773,0.7248436808586121,5000,20260913
context_verified,mean,recursive,moderate,mrr_at_100,0.5846181511878967,0.573450343310833,0.5961766317486763,5000,20260913
context_verified,mean,recursive,severe,hit_at_1,0.45802539587020874,0.44457077980041504,0.4716742329299449,5000,20260913
context_verified,mean,recursive,severe,hit_at_5,0.6971763968467712,0.6848587989807129,0.7093045115470886,5000,20260913
context_verified,mean,recursive,severe,mrr_at_100,0.5653258562088013,0.5537950709462166,0.5768534123897553,5000,20260913
context_verified,mean,semantic,clean,hit_at_1,0.5061588287353516,0.4927041828632355,0.5199924111366272,5000,20260913
context_verified,mean,semantic,clean,hit_at_5,0.7390562891960144,0.727117657661438,0.750994861125946,5000,20260913
context_verified,mean,semantic,clean,mrr_at_100,0.6123275756835938,0.6012785822153092,0.6237016245722771,5000,20260913
context_verified,mean,semantic,mild,hit_at_1,0.5101383328437805,0.4966837167739868,0.5239719748497009,5000,20260913
context_verified,mean,semantic,mild,hit_at_5,0.7432253360748291,0.7312867045402527,0.7553533911705017,5000,20260913
context_verified,mean,semantic,mild,mrr_at_100,0.6126676797866821,0.6012664407491684,0.6239829987287522,5000,20260913
context_verified,mean,semantic,moderate,hit_at_1,0.4824711084365845,0.4684479832649231,0.4963047206401825,5000,20260913
context_verified,mean,semantic,moderate,hit_at_5,0.7237066626548767,0.7115785479545593,0.7360242605209351,5000,20260913
context_verified,mean,semantic,moderate,mrr_at_100,0.5910131931304932,0.579469196498394,0.6025867864489556,5000,20260913
context_verified,mean,semantic,severe,hit_at_1,0.4587833881378174,0.44551828503608704,0.4726170301437378,5000,20260913
context_verified,mean,semantic,severe,hit_at_5,0.6985029578208923,0.686185359954834,0.7110100388526917,5000,20260913
context_verified,mean,semantic,severe,mrr_at_100,0.5685179829597473,0.5570318207144738,0.5799372792243958,5000,20260913
context_verified,mean,structure,clean,hit_at_1,0.5101383328437805,0.49687322974205017,0.5239719748497009,5000,20260913
context_verified,mean,structure,clean,hit_at_5,0.7415198087692261,0.7295811772346497,0.7532688975334167,5000,20260913
context_verified,mean,structure,clean,mrr_at_100,0.6139465570449829,0.60283342897892,0.6256597459316253,5000,20260913
context_verified,mean,structure,mild,hit_at_1,0.48303961753845215,0.46958500146865845,0.4963047206401825,5000,20260913
context_verified,mean,structure,mild,hit_at_5,0.721622109413147,0.7094940543174744,0.7337502241134644,5000,20260913
context_verified,mean,structure,mild,mrr_at_100,0.590981125831604,0.5795410558581352,0.6020554274320602,5000,20260913
context_verified,mean,structure,moderate,hit_at_1,0.46674245595932007,0.4530936188995838,0.48019707202911377,5000,20260913
context_verified,mean,structure,moderate,hit_at_5,0.704756498336792,0.6926283836364746,0.7170740962028503,5000,20260913
context_verified,mean,structure,moderate,mrr_at_100,0.5749173164367676,0.5634544759988784,0.5864351794123649,5000,20260913
context_verified,mean,structure,severe,hit_at_1,0.45613038539886475,0.442865252494812,0.46958500146865845,5000,20260913
context_verified,mean,structure,severe,hit_at_5,0.6943339109420776,0.6820163130760193,0.7070305347442627,5000,20260913
context_verified,mean,structure,severe,mrr_at_100,0.5636991262435913,0.552517931163311,0.5750549480319023,5000,20260913
context_verified,absolute_degradation,fixed,mild,hit_at_1,0.013644099235534668,0.0024635188281536104,0.025014221668243408,5000,20260913
context_verified,absolute_degradation,fixed,mild,hit_at_5,0.0064430832862854,-0.0026530027389526367,0.015539109706878662,5000,20260913
context_verified,absolute_degradation,fixed,mild,mrr_at_100,0.012163937091827393,0.004123224318027497,0.02010145932435989,5000,20260913
context_verified,absolute_degradation,fixed,moderate,hit_at_1,0.028425216674804688,0.015918105840682983,0.04093235731124878,5000,20260913
context_verified,absolute_degradation,fixed,moderate,hit_at_5,0.018002688884735107,0.007959067821502686,0.027667224407196045,5000,20260913
context_verified,absolute_degradation,fixed,moderate,mrr_at_100,0.0252377986907959,0.01624285876750946,0.03416031152009963,5000,20260913
context_verified,absolute_degradation,fixed,severe,hit_at_1,0.047754377126693726,0.03562629222869873,0.06045103073120117,5000,20260913
context_verified,absolute_degradation,fixed,severe,hit_at_5,0.03771084547042847,0.027477741241455078,0.0479438915848732,5000,20260913
context_verified,absolute_degradation,fixed,severe,mrr_at_100,0.04282987117767334,0.03387331515550614,0.051917955279350274,5000,20260913
context_verified,absolute_degradation,recursive,mild,hit_at_1,0.023498177528381348,0.010796818137168885,0.03582057133316987,5000,20260913
context_verified,absolute_degradation,recursive,mild,hit_at_5,0.016107678413391113,0.0064430832862854,0.02577221393585205,5000,20260913
context_verified,absolute_degradation,recursive,mild,mrr_at_100,0.020607948303222656,0.011567023396492005,0.02937076389789581,5000,20260913
context_verified,absolute_degradation,recursive,moderate,hit_at_1,0.036763280630111694,0.023498206585645675,0.05040740966796875,5000,20260913
context_verified,absolute_degradation,recursive,moderate,hit_at_5,0.03354179859161377,0.022929668426513672,0.044532835483551025,5000,20260913
context_verified,absolute_degradation,recursive,moderate,mrr_at_100,0.03550076484680176,0.026011502742767333,0.04525931924581528,5000,20260913
context_verified,absolute_degradation,recursive,severe,hit_at_1,0.057229459285736084,0.04415386915206909,0.0704946219921112,5000,20260913
context_verified,absolute_degradation,recursive,severe,hit_at_5,0.04908096790313721,0.037900328636169434,0.06045097261667252,5000,20260913
context_verified,absolute_degradation,recursive,severe,mrr_at_100,0.05479305982589722,0.044945047795772554,0.06484485864639282,5000,20260913
context_verified,absolute_degradation,semantic,mild,hit_at_1,-0.003979504108428955,-0.015354392677545545,0.00739055871963501,5000,20260913
context_verified,absolute_degradation,semantic,mild,hit_at_5,-0.004169046878814697,-0.013075590133666992,0.004737555980682373,5000,20260913
context_verified,absolute_degradation,semantic,mild,mrr_at_100,-0.0003401041030883789,-0.008413748443126678,0.007649801671504969,5000,20260913
context_verified,absolute_degradation,semantic,moderate,hit_at_1,0.02368772029876709,0.011180609464645386,0.036194831132888794,5000,20260913
context_verified,absolute_degradation,semantic,moderate,hit_at_5,0.015349626541137695,0.00492703914642334,0.02577221393585205,5000,20260913
context_verified,absolute_degradation,semantic,moderate,mrr_at_100,0.021314382553100586,0.012251514196395875,0.030090045928955048,5000,20260913
context_verified,absolute_degradation,semantic,severe,hit_at_1,0.04737544059753418,0.03505781292915344,0.05988249182701111,5000,20260913
context_verified,absolute_degradation,semantic,severe,hit_at_5,0.04055333137512207,0.02975177615880966,0.050975918769836426,5000,20260913
context_verified,absolute_degradation,semantic,severe,mrr_at_100,0.043809592723846436,0.03498478680849075,0.052759493887424465,5000,20260913
context_verified,absolute_degradation,structure,mild,hit_at_1,0.02709871530532837,0.014970629662275314,0.03960582613945007,5000,20260913
context_verified,absolute_degradation,structure,mild,hit_at_5,0.0198976993560791,0.010612070560455322,0.029562294483184814,5000,20260913
context_verified,absolute_degradation,structure,mild,mrr_at_100,0.022965431213378906,0.014157208800315856,0.03182270973920822,5000,20260913
context_verified,absolute_degradation,structure,moderate,hit_at_1,0.04339587688446045,0.030505003780126574,0.05703994631767273,5000,20260913
context_verified,absolute_degradation,structure,moderate,hit_at_5,0.03676331043243408,0.026340723037719727,0.04718589782714844,5000,20260913
context_verified,absolute_degradation,structure,moderate,mrr_at_100,0.03902924060821533,0.029807557165622712,0.04848869442939758,5000,20260913
context_verified,absolute_degradation,structure,severe,hit_at_1,0.05400794744491577,0.04093232750892639,0.0672730803489685,5000,20260913
context_verified,absolute_degradation,structure,severe,hit_at_5,0.04718589782714844,0.03600531667470932,0.05817699432373047,5000,20260913
context_verified,absolute_degradation,structure,severe,mrr_at_100,0.0502474308013916,0.040495936572551725,0.05989760905504226,5000,20260913
context_verified,degradation_difference_vs_fixed,recursive,mild,hit_at_1,0.009854083880782127,-0.006064087152481079,0.02634066417813301,5000,20260913
context_verified,degradation_difference_vs_fixed,recursive,mild,hit_at_5,0.009664582088589668,-0.003032030165195465,0.02255070209503174,5000,20260913
context_verified,degradation_difference_vs_fixed,recursive,mild,mrr_at_100,0.008444124832749367,-0.0028647348284721375,0.019963178038597103,5000,20260913
context_verified,degradation_difference_vs_fixed,recursive,moderate,hit_at_1,0.008338073268532753,-0.008338063955307007,0.025393188744783402,5000,20260913
context_verified,degradation_difference_vs_fixed,recursive,moderate,hit_at_5,0.015539130195975304,0.0018950104713439941,0.02994126230478287,5000,20260913
context_verified,degradation_difference_vs_fixed,recursive,moderate,mrr_at_100,0.010263003408908844,-0.001422274112701416,0.02250344157218931,5000,20260913
context_verified,degradation_difference_vs_fixed,recursive,severe,hit_at_1,0.00947507843375206,-0.007201075553894043,0.026151210069656372,5000,20260913
context_verified,degradation_difference_vs_fixed,recursive,severe,hit_at_5,0.011370096355676651,-0.0020892888307571396,0.02482473850250244,5000,20260913
context_verified,degradation_difference_vs_fixed,recursive,severe,mrr_at_100,0.011963289231061935,-8.610785007476803e-05,0.02381746619939802,5000,20260913
context_verified,degradation_difference_vs_fixed,semantic,mild,hit_at_1,-0.017623649910092354,-0.032599058002233505,-0.0018950089812278747,5000,20260913
context_verified,degradation_difference_vs_fixed,semantic,mild,hit_at_5,-0.01061209011822939,-0.02311915159225464,0.0015159845352172852,5000,20260913
context_verified,degradation_difference_vs_fixed,semantic,mild,mrr_at_100,-0.012504047714173794,-0.023352572321891786,-0.0015199452638626207,5000,20260913
context_verified,degradation_difference_vs_fixed,semantic,moderate,hit_at_1,-0.00473753921687603,-0.02084517627954483,0.012132909148931434,5000,20260913
context_verified,degradation_difference_vs_fixed,semantic,moderate,hit_at_5,-0.0026530232280492783,-0.01591813564300537,0.010991096496582031,5000,20260913
context_verified,degradation_difference_vs_fixed,semantic,moderate,mrr_at_100,-0.0039234645664691925,-0.015108098089694976,0.007406257092952726,5000,20260913
context_verified,degradation_difference_vs_fixed,semantic,severe,hit_at_1,-0.0003790035843849182,-0.016865670680999756,0.01553913950920105,5000,20260913
context_verified,degradation_difference_vs_fixed,semantic,severe,hit_at_5,0.0028425268828868866,-0.010801553726196289,0.01611241251230233,5000,20260913
context_verified,degradation_difference_vs_fixed,semantic,severe,mrr_at_100,0.000979732722043991,-0.010728590190410614,0.012129628658294658,5000,20260913
context_verified,degradation_difference_vs_fixed,structure,mild,hit_at_1,0.013454614207148552,-0.003032030165195465,0.030324993282556466,5000,20260913
context_verified,degradation_difference_vs_fixed,structure,mild,hit_at_5,0.013454614207148552,0.0001895412802696228,0.026530206203460693,5000,20260913
context_verified,degradation_difference_vs_fixed,structure,mild,mrr_at_100,0.010801456868648529,-0.001060853898525238,0.022542737424373606,5000,20260913
context_verified,degradation_difference_vs_fixed,structure,moderate,hit_at_1,0.014970628544688225,-0.0018998064100742324,0.03221529722213745,5000,20260913
context_verified,degradation_difference_vs_fixed,structure,moderate,hit_at_5,0.01876066066324711,0.0053012698888778706,0.03297322988510132,5000,20260913
context_verified,degradation_difference_vs_fixed,structure,moderate,mrr_at_100,0.013791371136903763,0.0017486974596977235,0.02581898123025894,5000,20260913
context_verified,degradation_difference_vs_fixed,structure,severe,hit_at_1,0.006253551691770554,-0.011370092630386353,0.023692485690116814,5000,20260913
context_verified,degradation_difference_vs_fixed,structure,severe,hit_at_5,0.009475082159042358,-0.004548072814941406,0.02368772029876709,5000,20260913
context_verified,degradation_difference_vs_fixed,structure,severe,mrr_at_100,0.00741756334900856,-0.004917208850383758,0.019593696296215057,5000,20260913
